Workbook

Sheet Dashboard
A1: TRANSACTION MONITORING - EXECUTIVE KPI
A3: Metrica | B3: Valore | D3: Livello Rischio | E3: Conteggio
A4: Totale Transazioni Monitorate | B4: =COUNTA(Transazioni!A2:A16) -> 15 | D4: Alto | E4: =B6 -> 3
A5: Volume Totale Transato | B5: =SUM(Transazioni!E2:E16) -> 98415 | D5: Medio | E5: =B7 -> 5
A6: Operazioni ad Alto Rischio | B6: =COUNTIF(Transazioni!M2:M16, "Blocco & SOS") -> 3 | D6: Basso | E6: =B8 -> 7
A7: Operazioni a Medio Rischio | B7: =COUNTIF(Transazioni!M2:M16, "Monitoraggio") -> 5
A8: Operazioni Regolari | B8: =COUNTIF(Transazioni!M2:M16, "Nessuna") -> 7
A9: Tasso di Anomalia | B9: =(B6+B7)/B4 -> 0.53333333

Sheet Regole
A1: Paese_Rischio | C1: Parametro | D1: Valore
A2: IRN | C2: Soglia_Importo_Alto | D2: 10000
A3: PRK | C3: Soglia_Frazionamento | D3: 9500
A4: RUS
A5: SYR
A6: CYM

Sheet Transazioni
A1: ID_Transazione | B1: Data | C1: ID_Cliente | D1: Tipo_Operazione | E1: Importo | F1: Paese_Controparte | G1: Canale | H1: Controllo_Soglia | I1: Controllo_Frazionato | J1: Controllo_Paese_Rischio | K1: Punteggio_Rischio | L1: Livello_Rischio | M1: Azione_Richiesta
A2: TRX001 | B2: 45566 | C2: CLI101 | D2: Bonifico | E2: 2500 | F2: ITA | G2: Web | H2: =IF(E2>=Regole!$D$2, "ANOMALIA", "OK") -> OK | I2: =IF(AND(E2>=Regole!$D$3, E2<Regole!$D$2), "SOSPETTO", "OK") -> OK | J2: =IF(ISNUMBER(MATCH(F2, Regole!$A$2:$A$6, 0)), "ALTO RISCHIO", "OK") -> OK | K2: =(IF(H2="ANOMALIA", 1, 0) + IF(I2="SOSPETTO", 2, 0) + IF(J2="ALTO RISCHIO", 3, 0)) -> 0 | L2: =IF(K2>=3, "Alto", IF(K2>=1, "Medio", "Basso")) -> Basso | M2: =IF(L2="Alto", "Blocco & SOS", IF(L2="Medio", "Monitoraggio", "Nessuna")) -> Nessuna
A3: TRX002 | B3: 45566 | C3: CLI102 | D3: POS | E3: 45 | F3: ITA | G3: POS | H3: =IF(E3>=Regole!$D$2, "ANOMALIA", "OK") -> OK | I3: =IF(AND(E3>=Regole!$D$3, E3<Regole!$D$2), "SOSPETTO", "OK") -> OK | J3: =IF(ISNUMBER(MATCH(F3, Regole!$A$2:$A$6, 0)), "ALTO RISCHIO", "OK") -> OK | K3: =(IF(H3="ANOMALIA", 1, 0) + IF(I3="SOSPETTO", 2, 0) + IF(J3="ALTO RISCHIO", 3, 0)) -> 0 | L3: =IF(K3>=3, "Alto", IF(K3>=1, "Medio", "Basso")) -> Basso | M3: =IF(L3="Alto", "Blocco & SOS", IF(L3="Medio", "Monitoraggio", "Nessuna")) -> Nessuna
A4: TRX003 | B4: 45567 | C4: CLI103 | D4: Bonifico | E4: 12500 | F4: DEU | G4: Filiale | H4: =IF(E4>=Regole!$D$2, "ANOMALIA", "OK") -> ANOMALIA | I4: =IF(AND(E4>=Regole!$D$3, E4<Regole!$D$2), "SOSPETTO", "OK") -> OK | J4: =IF(ISNUMBER(MATCH(F4, Regole!$A$2:$A$6, 0)), "ALTO RISCHIO", "OK") -> OK | K4: =(IF(H4="ANOMALIA", 1, 0) + IF(I4="SOSPETTO", 2, 0) + IF(J4="ALTO RISCHIO", 3, 0)) -> 1 | L4: =IF(K4>=3, "Alto", IF(K4>=1, "Medio", "Basso")) -> Medio | M4: =IF(L4="Alto", "Blocco & SOS", IF(L4="Medio", "Monitoraggio", "Nessuna")) -> Monitoraggio
A5: TRX004 | B5: 45567 | C5: CLI104 | D5: Versamento Contanti | E5: 9800 | F5: ITA | G5: ATM | H5: =IF(E5>=Regole!$D$2, "ANOMALIA", "OK") -> OK | I5: =IF(AND(E5>=Regole!$D$3, E5<Regole!$D$2), "SOSPETTO", "OK") -> SOSPETTO | J5: =IF(ISNUMBER(MATCH(F5, Regole!$A$2:$A$6, 0)), "ALTO RISCHIO", "OK") -> OK | K5: =(IF(H5="ANOMALIA", 1, 0) + IF(I5="SOSPETTO", 2, 0) + IF(J5="ALTO RISCHIO", 3, 0)) -> 2 | L5: =IF(K5>=3, "Alto", IF(K5>=1, "Medio", "Basso")) -> Medio | M5: =IF(L5="Alto", "Blocco & SOS", IF(L5="Medio", "Monitoraggio", "Nessuna")) -> Monitoraggio
A6: TRX005 | B6: 45568 | C6: CLI105 | D6: Bonifico | E6: 4500 | F6: CYM | G6: Web | H6: =IF(E6>=Regole!$D$2, "ANOMALIA", "OK") -> OK | I6: =IF(AND(E6>=Regole!$D$3, E6<Regole!$D$2), "SOSPETTO", "OK") -> OK | J6: =IF(ISNUMBER(MATCH(F6, Regole!$A$2:$A$6, 0)), "ALTO RISCHIO", "OK") -> ALTO RISCHIO | K6: =(IF(H6="ANOMALIA", 1, 0) + IF(I6="SOSPETTO", 2, 0) + IF(J6="ALTO RISCHIO", 3, 0)) -> 3 | L6: =IF(K6>=3, "Alto", IF(K6>=1, "Medio", "Basso")) -> Alto | M6: =IF(L6="Alto", "Blocco & SOS", IF(L6="Medio", "Monitoraggio", "Nessuna")) -> Blocco & SOS
A7: TRX006 | B7: 45568 | C7: CLI106 | D7: Prelievo | E7: 250 | F7: ITA | G7: ATM | H7: =IF(E7>=Regole!$D$2, "ANOMALIA", "OK") -> OK | I7: =IF(AND(E7>=Regole!$D$3, E7<Regole!$D$2), "SOSPETTO", "OK") -> OK | J7: =IF(ISNUMBER(MATCH(F7, Regole!$A$2:$A$6, 0)), "ALTO RISCHIO", "OK") -> OK | K7: =(IF(H7="ANOMALIA", 1, 0) + IF(I7="SOSPETTO", 2, 0) + IF(J7="ALTO RISCHIO", 3, 0)) -> 0 | L7: =IF(K7>=3, "Alto", IF(K7>=1, "Medio", "Basso")) -> Basso | M7: =IF(L7="Alto", "Blocco & SOS", IF(L7="Medio", "Monitoraggio", "Nessuna")) -> Nessuna
A8: TRX007 | B8: 45569 | C8: CLI107 | D8: Bonifico | E8: 15000 | F8: RUS | G8: Web | H8: =IF(E8>=Regole!$D$2, "ANOMALIA", "OK") -> ANOMALIA | I8: =IF(AND(E8>=Regole!$D$3, E8<Regole!$D$2), "SOSPETTO", "OK") -> OK | J8: =IF(ISNUMBER(MATCH(F8, Regole!$A$2:$A$6, 0)), "ALTO RISCHIO", "OK") -> ALTO RISCHIO | K8: =(IF(H8="ANOMALIA", 1, 0) + IF(I8="SOSPETTO", 2, 0) + IF(J8="ALTO RISCHIO", 3, 0)) -> 4 | L8: =IF(K8>=3, "Alto", IF(K8>=1, "Medio", "Basso")) -> Alto | M8: =IF(L8="Alto", "Blocco & SOS", IF(L8="Medio", "Monitoraggio", "Nessuna")) -> Blocco & SOS
A9: TRX008 | B9: 45569 | C9: CLI108 | D9: Bonifico | E9: 9700 | F9: FRA | G9: App | H9: =IF(E9>=Regole!$D$2, "ANOMALIA", "OK") -> OK | I9: =IF(AND(E9>=Regole!$D$3, E9<Regole!$D$2), "SOSPETTO", "OK") -> SOSPETTO | J9: =IF(ISNUMBER(MATCH(F9, Regole!$A$2:$A$6, 0)), "ALTO RISCHIO", "OK") -> OK | K9: =(IF(H9="ANOMALIA", 1, 0) + IF(I9="SOSPETTO", 2, 0) + IF(J9="ALTO RISCHIO", 3, 0)) -> 2 | L9: =IF(K9>=3, "Alto", IF(K9>=1, "Medio", "Basso")) -> Medio | M9: =IF(L9="Alto", "Blocco & SOS", IF(L9="Medio", "Monitoraggio", "Nessuna")) -> Monitoraggio
A10: TRX009 | B10: 45570 | C10: CLI109 | D10: POS | E10: 120 | F10: ESP | G10: POS | H10: =IF(E10>=Regole!$D$2, "ANOMALIA", "OK") -> OK | I10: =IF(AND(E10>=Regole!$D$3, E10<Regole!$D$2), "SOSPETTO", "OK") -> OK | J10: =IF(ISNUMBER(MATCH(F10, Regole!$A$2:$A$6, 0)), "ALTO RISCHIO", "OK") -> OK | K10: =(IF(H10="ANOMALIA", 1, 0) + IF(I10="SOSPETTO", 2, 0) + IF(J10="ALTO RISCHIO", 3, 0)) -> 0 | L10: =IF(K10>=3, "Alto", IF(K10>=1, "Medio", "Basso")) -> Basso | M10: =IF(L10="Alto", "Blocco & SOS", IF(L10="Medio", "Monitoraggio", "Nessuna")) -> Nessuna
A11: TRX010 | B11: 45570 | C11: CLI110 | D11: Bonifico | E11: 3200 | F11: ITA | G11: App | H11: =IF(E11>=Regole!$D$2, "ANOMALIA", "OK") -> OK | I11: =IF(AND(E11>=Regole!$D$3, E11<Regole!$D$2), "SOSPETTO", "OK") -> OK | J11: =IF(ISNUMBER(MATCH(F11, Regole!$A$2:$A$6, 0)), "ALTO RISCHIO", "OK") -> OK | K11: =(IF(H11="ANOMALIA", 1, 0) + IF(I11="SOSPETTO", 2, 0) + IF(J11="ALTO RISCHIO", 3, 0)) -> 0 | L11: =IF(K11>=3, "Alto", IF(K11>=1, "Medio", "Basso")) -> Basso | M11: =IF(L11="Alto", "Blocco & SOS", IF(L11="Medio", "Monitoraggio", "Nessuna")) -> Nessuna
A12: TRX011 | B12: 45571 | C12: CLI111 | D12: Bonifico | E12: 10500 | F12: PRK | G12: Web | H12: =IF(E12>=Regole!$D$2, "ANOMALIA", "OK") -> ANOMALIA | I12: =IF(AND(E12>=Regole!$D$3, E12<Regole!$D$2), "SOSPETTO", "OK") -> OK | J12: =IF(ISNUMBER(MATCH(F12, Regole!$A$2:$A$6, 0)), "ALTO RISCHIO", "OK") -> ALTO RISCHIO | K12: =(IF(H12="ANOMALIA", 1, 0) + IF(I12="SOSPETTO", 2, 0) + IF(J12="ALTO RISCHIO", 3, 0)) -> 4 | L12: =IF(K12>=3, "Alto", IF(K12>=1, "Medio", "Basso")) -> Alto | M12: =IF(L12="Alto", "Blocco & SOS", IF(L12="Medio", "Monitoraggio", "Nessuna")) -> Blocco & SOS
A13: TRX012 | B13: 45571 | C13: CLI112 | D13: Versamento Contanti | E13: 1500 | F13: ITA | G13: Filiale | H13: =IF(E13>=Regole!$D$2, "ANOMALIA", "OK") -> OK | I13: =IF(AND(E13>=Regole!$D$3, E13<Regole!$D$2), "SOSPETTO", "OK") -> OK | J13: =IF(ISNUMBER(MATCH(F13, Regole!$A$2:$A$6, 0)), "ALTO RISCHIO", "OK") -> OK | K13: =(IF(H13="ANOMALIA", 1, 0) + IF(I13="SOSPETTO", 2, 0) + IF(J13="ALTO RISCHIO", 3, 0)) -> 0 | L13: =IF(K13>=3, "Alto", IF(K13>=1, "Medio", "Basso")) -> Basso | M13: =IF(L13="Alto", "Blocco & SOS", IF(L13="Medio", "Monitoraggio", "Nessuna")) -> Nessuna
... A16: TRX015 | B16: 45572 | C16: CLI115 | D16: Bonifico | E16: 18000 | F16: USA | G16: Filiale | H16: =IF(E16>=Regole!$D$2, "ANOMALIA", "OK") -> ANOMALIA | I16: =IF(AND(E16>=Regole!$D$3, E16<Regole!$D$2), "SOSPETTO", "OK") -> OK | J16: =IF(ISNUMBER(MATCH(F16, Regole!$A$2:$A$6, 0)), "ALTO RISCHIO", "OK") -> OK | K16: =(IF(H16="ANOMALIA", 1, 0) + IF(I16="SOSPETTO", 2, 0) + IF(J16="ALTO RISCHIO", 3, 0)) -> 1 | L16: =IF(K16>=3, "Alto", IF(K16>=1, "Medio", "Basso")) -> Medio | M16: =IF(L16="Alto", "Blocco & SOS", IF(L16="Medio", "Monitoraggio", "Nessuna")) -> Monitoraggio
